-- phpMyAdmin SQL Dump
-- version 5.1.3
-- https://www.phpmyadmin.net/
--
-- Host: 127.0.0.1
-- Waktu pembuatan: 16 Jul 2024 pada 16.09
-- Versi server: 10.4.24-MariaDB
-- Versi PHP: 7.4.28

SET SQL_MODE = "NO_AUTO_VALUE_ON_ZERO";
START TRANSACTION;
SET time_zone = "+00:00";


/*!40101 SET @OLD_CHARACTER_SET_CLIENT=@@CHARACTER_SET_CLIENT */;
/*!40101 SET @OLD_CHARACTER_SET_RESULTS=@@CHARACTER_SET_RESULTS */;
/*!40101 SET @OLD_COLLATION_CONNECTION=@@COLLATION_CONNECTION */;
/*!40101 SET NAMES utf8mb4 */;

--
-- Database: `jeans`
--

-- --------------------------------------------------------

--
-- Struktur dari tabel `admin`
--

CREATE TABLE `admin` (
  `id` int(11) NOT NULL,
  `username` varchar(200) NOT NULL,
  `password` text NOT NULL
) ENGINE=InnoDB DEFAULT CHARSET=latin1;

--
-- Dumping data untuk tabel `admin`
--

INSERT INTO `admin` (`id`, `username`, `password`) VALUES
(1, 'admin', '$2y$10$AIy0X1Ep6alaHDTofiChGeqq7k/d1Kc8vKQf1JZo0mKrzkkj6M626');

-- --------------------------------------------------------

--
-- Struktur dari tabel `bom_produk`
--

CREATE TABLE `bom_produk` (
  `kode_bom` varchar(100) NOT NULL,
  `kode_bk` varchar(100) NOT NULL,
  `kode_produk` varchar(100) NOT NULL,
  `nama_produk` varchar(200) NOT NULL,
  `kebutuhan` varchar(200) NOT NULL
) ENGINE=MyISAM DEFAULT CHARSET=utf8mb4;

--
-- Dumping data untuk tabel `bom_produk`
--

INSERT INTO `bom_produk` (`kode_bom`, `kode_bk`, `kode_produk`, `nama_produk`, `kebutuhan`) VALUES
('B0001', 'M0002', 'P0001', 'Roti Sobek', '2'),
('B0001', 'M0001', 'P0001', 'Roti Sobek', '4'),
('B0001', 'M0004', 'P0001', 'Roti Sobek', '3'),
('B0002', 'M0001', 'P0002', 'Maryam', '4'),
('B0002', 'M0004', 'P0002', 'Maryam', '3'),
('B0002', 'M0003', 'P0002', 'Maryam', '2'),
('B0003', 'M0002', 'P0003', 'Kue tart coklat', '2'),
('B0003', 'M0003', 'P0003', 'Kue tart coklat', '1'),
('B0003', 'M0005', 'P0003', 'Kue tart coklat', '1');

-- --------------------------------------------------------

--
-- Struktur dari tabel `customer`
--

CREATE TABLE `customer` (
  `kode_customer` varchar(100) NOT NULL,
  `nama` varchar(100) NOT NULL,
  `email` varchar(100) NOT NULL,
  `username` varchar(100) NOT NULL,
  `password` varchar(100) NOT NULL,
  `telp` varchar(200) NOT NULL
) ENGINE=InnoDB DEFAULT CHARSET=utf8mb4;

--
-- Dumping data untuk tabel `customer`
--

INSERT INTO `customer` (`kode_customer`, `nama`, `email`, `username`, `password`, `telp`) VALUES
('C0004', 'Nadiya', 'nadiya@gmail.com', 'nadiya', '$2y$10$6wHH.7rF1q3JtzKgAhNFy.4URchgJC8R.POT1osTAWmasDXTTO7ZG', '0898765432'),
('C0005', 'zidan', 'zidan@gmail.com', 'zidan', '$2y$10$0Lfuc8QLUbKomgzqlQvEj.AMDI9flpNd78HlYbXJ5VAVq3V2e5PN2', '081548441630'),
('C0006', 'wendys', 'wendys@gmail.com', 'wendys', '$2y$10$bRokYpmV7/nqoZSwi6jJhefPlAJWtl2woYczdIVsO94c4uixamXIi', '085647773475'),
('C0007', 'rizqi', 'rizqi@gmail.com', 'rizqi', '$2y$10$6/eO.y3.3mzVxCHbn25vqOxlrCyMyUgJPemU6aQhslOLDX223j6CO', '00856753454'),
('C0008', 'alif', 'alif@gmail.com', 'alif', '$2y$10$ubLpihYAltLnwkShpAu/uewWqcfEDY8Wmg97Fk4g4EbBApjV6jSDK', '085974887814');

-- --------------------------------------------------------

--
-- Struktur dari tabel `inventory`
--

CREATE TABLE `inventory` (
  `kode_bk` varchar(100) NOT NULL,
  `nama` varchar(200) NOT NULL,
  `qty` varchar(200) NOT NULL,
  `satuan` varchar(200) NOT NULL,
  `harga` int(11) NOT NULL,
  `tanggal` date NOT NULL
) ENGINE=InnoDB DEFAULT CHARSET=utf8mb4;

--
-- Dumping data untuk tabel `inventory`
--

INSERT INTO `inventory` (`kode_bk`, `nama`, `qty`, `satuan`, `harga`, `tanggal`) VALUES
('M0001', 'Stock kain', '72', 'pcs', 15000, '2024-07-15'),
('M0002', 'Retsleting', '298', 'Pcs', 2000, '2024-07-16'),
('M0003', 'Benang', '299', 'Roll', 5000, '2024-07-16');

-- --------------------------------------------------------

--
-- Struktur dari tabel `keranjang`
--

CREATE TABLE `keranjang` (
  `id_keranjang` int(11) NOT NULL,
  `kode_customer` varchar(100) NOT NULL,
  `kode_produk` varchar(100) NOT NULL,
  `nama_produk` varchar(100) NOT NULL,
  `qty` int(11) NOT NULL,
  `harga` int(11) NOT NULL
) ENGINE=InnoDB DEFAULT CHARSET=utf8mb4;

--
-- Dumping data untuk tabel `keranjang`
--

INSERT INTO `keranjang` (`id_keranjang`, `kode_customer`, `kode_produk`, `nama_produk`, `qty`, `harga`) VALUES
(16, 'C0003', 'P0002', 'Maryam', 5, 15000),
(17, 'C0003', 'P0003', 'Kue tart coklat', 2, 100000);

-- --------------------------------------------------------

--
-- Struktur dari tabel `produk`
--

CREATE TABLE `produk` (
  `kode_produk` varchar(100) NOT NULL,
  `nama` varchar(100) NOT NULL,
  `image` text NOT NULL,
  `deskripsi` text NOT NULL,
  `harga` int(11) NOT NULL
) ENGINE=InnoDB DEFAULT CHARSET=utf8mb4;

--
-- Dumping data untuk tabel `produk`
--

INSERT INTO `produk` (`kode_produk`, `nama`, `image`, `deskripsi`, `harga`) VALUES
('P0001', 'Celana Jeans Denim', '66967cb06c741.jpeg', 'Big Size', 150000),
('P0002', 'Celana Jeans Denim ', '66967d568a043.jpeg', 'Warna Abu-abu, Size 39-44', 150000),
('P0003', 'Celana Jeans Denim ', '66967d91dd355.jpeg', 'Warna Hitam, Size 39-44', 150000),
('P0005', 'Celana Jeans Denim ', '66967db5e6d3e.jpeg', 'Warna Navy, Size 39-44', 150000),
('P0008', 'Celana Jeans Ripped', '66967decb8c4c.jpeg', 'Warna Hitam, Size 39-44			', 170000),
('P0009', 'Celana Jeans Denim ', '66967e11b7339.jpeg', 'Warna Biru gelap, Size 39-44', 150000);

-- --------------------------------------------------------

--
-- Struktur dari tabel `produksi`
--

CREATE TABLE `produksi` (
  `id_order` int(11) NOT NULL,
  `invoice` varchar(200) NOT NULL,
  `kode_customer` varchar(200) NOT NULL,
  `kode_produk` varchar(200) NOT NULL,
  `nama_produk` varchar(200) NOT NULL,
  `qty` int(11) NOT NULL,
  `harga` int(11) NOT NULL,
  `status` varchar(200) NOT NULL,
  `tanggal` date NOT NULL,
  `provinsi` varchar(200) NOT NULL,
  `kota` varchar(200) NOT NULL,
  `alamat` varchar(200) NOT NULL,
  `kode_pos` varchar(200) NOT NULL,
  `terima` varchar(200) NOT NULL,
  `tolak` varchar(200) NOT NULL,
  `cek` int(11) NOT NULL
) ENGINE=InnoDB DEFAULT CHARSET=utf8mb4;

--
-- Dumping data untuk tabel `produksi`
--

INSERT INTO `produksi` (`id_order`, `invoice`, `kode_customer`, `kode_produk`, `nama_produk`, `qty`, `harga`, `status`, `tanggal`, `provinsi`, `kota`, `alamat`, `kode_pos`, `terima`, `tolak`, `cek`) VALUES
(16, 'INV0007', 'C0007', 'P0002', 'Longdress 2', 1, 80000, '0', '2424-07-15', 'jawa tengah', 'pekalongan', 'pekalongan', '43355', '1', '0', 1),
(17, 'INV0008', 'C0007', 'P0002', 'Longdress 2', 1, 80000, 'Pesanan Baru', '2424-07-15', '', '', '', '', '2', '1', 1),
(18, 'INV0009', 'C0008', 'P0003', 'Celana Jeans Denim ', 1, 150000, '0', '2424-07-16', '', '', '', '', '1', '0', 1);

-- --------------------------------------------------------

--
-- Struktur dari tabel `report_cancel`
--

CREATE TABLE `report_cancel` (
  `id_report_cancel` int(11) NOT NULL,
  `id_order` varchar(100) NOT NULL,
  `kode_produk` varchar(100) NOT NULL,
  `jumlah` varchar(100) NOT NULL,
  `tanggal` date NOT NULL
) ENGINE=InnoDB DEFAULT CHARSET=utf8mb4;

-- --------------------------------------------------------

--
-- Struktur dari tabel `report_inventory`
--

CREATE TABLE `report_inventory` (
  `id_report_inv` int(11) NOT NULL,
  `kode_bk` varchar(100) NOT NULL,
  `nama_bahanbaku` varchar(100) NOT NULL,
  `jml_stok_bk` int(11) NOT NULL,
  `tanggal` varchar(11) NOT NULL
) ENGINE=InnoDB DEFAULT CHARSET=utf8mb4;

-- --------------------------------------------------------

--
-- Struktur dari tabel `report_omset`
--

CREATE TABLE `report_omset` (
  `id_report_omset` int(11) NOT NULL,
  `invoice` varchar(100) NOT NULL,
  `jumlah` int(11) NOT NULL,
  `total_omset` int(11) NOT NULL,
  `tanggal` date NOT NULL
) ENGINE=InnoDB DEFAULT CHARSET=utf8mb4;

-- --------------------------------------------------------

--
-- Struktur dari tabel `report _penjualan`
--

CREATE TABLE `report _penjualan` (
  `id_report_sell` int(11) NOT NULL,
  `invoice` varchar(100) NOT NULL,
  `kode_produk` varchar(100) NOT NULL,
  `nama_produk` varchar(100) NOT NULL,
  `jumlah_terjual` int(11) NOT NULL,
  `tanggal` date NOT NULL
) ENGINE=InnoDB DEFAULT CHARSET=utf8mb4;

-- --------------------------------------------------------

--
-- Struktur dari tabel `report_produksi`
--

CREATE TABLE `report_produksi` (
  `id_report_prd` int(11) NOT NULL,
  `invoice` varchar(100) NOT NULL,
  `kode_produk` varchar(100) NOT NULL,
  `nama_produk` varchar(100) NOT NULL,
  `qty` int(11) NOT NULL,
  `tanggal` date NOT NULL
) ENGINE=InnoDB DEFAULT CHARSET=utf8mb4;

-- --------------------------------------------------------

--
-- Struktur dari tabel `report_profit`
--

CREATE TABLE `report_profit` (
  `id_report_profit` int(11) NOT NULL,
  `kode_bom` varchar(100) NOT NULL,
  `invoice` varchar(100) NOT NULL,
  `kode_produk` varchar(100) NOT NULL,
  `jumlah` varchar(11) NOT NULL,
  `total_profit` varchar(11) NOT NULL,
  `tanggal` date NOT NULL
) ENGINE=InnoDB DEFAULT CHARSET=utf8mb4;

--
-- Indexes for dumped tables
--

--
-- Indeks untuk tabel `admin`
--
ALTER TABLE `admin`
  ADD PRIMARY KEY (`id`);

--
-- Indeks untuk tabel `customer`
--
ALTER TABLE `customer`
  ADD PRIMARY KEY (`kode_customer`);

--
-- Indeks untuk tabel `inventory`
--
ALTER TABLE `inventory`
  ADD PRIMARY KEY (`kode_bk`);

--
-- Indeks untuk tabel `keranjang`
--
ALTER TABLE `keranjang`
  ADD PRIMARY KEY (`id_keranjang`);

--
-- Indeks untuk tabel `produk`
--
ALTER TABLE `produk`
  ADD PRIMARY KEY (`kode_produk`);

--
-- Indeks untuk tabel `produksi`
--
ALTER TABLE `produksi`
  ADD PRIMARY KEY (`id_order`);

--
-- Indeks untuk tabel `report_cancel`
--
ALTER TABLE `report_cancel`
  ADD PRIMARY KEY (`id_report_cancel`);

--
-- Indeks untuk tabel `report_inventory`
--
ALTER TABLE `report_inventory`
  ADD PRIMARY KEY (`id_report_inv`);

--
-- Indeks untuk tabel `report_omset`
--
ALTER TABLE `report_omset`
  ADD PRIMARY KEY (`id_report_omset`);

--
-- Indeks untuk tabel `report _penjualan`
--
ALTER TABLE `report _penjualan`
  ADD PRIMARY KEY (`id_report_sell`);

--
-- Indeks untuk tabel `report_produksi`
--
ALTER TABLE `report_produksi`
  ADD PRIMARY KEY (`id_report_prd`);

--
-- Indeks untuk tabel `report_profit`
--
ALTER TABLE `report_profit`
  ADD PRIMARY KEY (`id_report_profit`),
  ADD UNIQUE KEY `kode_bom` (`kode_bom`);

--
-- AUTO_INCREMENT untuk tabel yang dibuang
--

--
-- AUTO_INCREMENT untuk tabel `admin`
--
ALTER TABLE `admin`
  MODIFY `id` int(11) NOT NULL AUTO_INCREMENT, AUTO_INCREMENT=2;

--
-- AUTO_INCREMENT untuk tabel `keranjang`
--
ALTER TABLE `keranjang`
  MODIFY `id_keranjang` int(11) NOT NULL AUTO_INCREMENT, AUTO_INCREMENT=26;

--
-- AUTO_INCREMENT untuk tabel `produksi`
--
ALTER TABLE `produksi`
  MODIFY `id_order` int(11) NOT NULL AUTO_INCREMENT, AUTO_INCREMENT=19;

--
-- AUTO_INCREMENT untuk tabel `report_cancel`
--
ALTER TABLE `report_cancel`
  MODIFY `id_report_cancel` int(11) NOT NULL AUTO_INCREMENT;

--
-- AUTO_INCREMENT untuk tabel `report_inventory`
--
ALTER TABLE `report_inventory`
  MODIFY `id_report_inv` int(11) NOT NULL AUTO_INCREMENT;

--
-- AUTO_INCREMENT untuk tabel `report_omset`
--
ALTER TABLE `report_omset`
  MODIFY `id_report_omset` int(11) NOT NULL AUTO_INCREMENT;

--
-- AUTO_INCREMENT untuk tabel `report _penjualan`
--
ALTER TABLE `report _penjualan`
  MODIFY `id_report_sell` int(11) NOT NULL AUTO_INCREMENT;

--
-- AUTO_INCREMENT untuk tabel `report_produksi`
--
ALTER TABLE `report_produksi`
  MODIFY `id_report_prd` int(11) NOT NULL AUTO_INCREMENT;

--
-- AUTO_INCREMENT untuk tabel `report_profit`
--
ALTER TABLE `report_profit`
  MODIFY `id_report_profit` int(11) NOT NULL AUTO_INCREMENT;
COMMIT;

/*!40101 SET CHARACTER_SET_CLIENT=@OLD_CHARACTER_SET_CLIENT */;
/*!40101 SET CHARACTER_SET_RESULTS=@OLD_CHARACTER_SET_RESULTS */;
/*!40101 SET COLLATION_CONNECTION=@OLD_COLLATION_CONNECTION */;
